draw,mu_1,sigma
0,0.007232362404465675,0.473718523979187
1,-0.010380161926150322,0.45338019728660583
2,0.020805740728974342,0.4384056627750397
3,0.023351233452558517,0.4345471262931824
4,0.06786877661943436,0.4763003885746002
5,0.03221016749739647,0.4336641728878021
6,-0.04263955354690552,0.43758583068847656
7,0.023166339844465256,0.4535597562789917
8,0.011091193184256554,0.4137008786201477
9,-0.013367561623454094,0.46714332699775696
10,-0.0009639710187911987,0.4468111991882324
11,0.021280795335769653,0.42059487104415894
12,0.02695349231362343,0.465718537569046
13,-0.028056500479578972,0.4669807255268097
14,0.015900053083896637,0.4489777088165283
15,0.06265857070684433,0.4028519093990326
16,-0.002201477065682411,0.4584595859050751
17,0.0919935554265976,0.49959859251976013
18,-0.011434799060225487,0.4653979539871216
19,0.02351488173007965,0.3877220153808594
20,0.024045832455158234,0.48108208179473877
21,0.03214086592197418,0.4798209071159363
22,0.038211554288864136,0.45588088035583496
23,0.05044412612915039,0.39412280917167664
24,0.05218576267361641,0.4696057140827179
25,0.040920089930295944,0.4763527512550354
26,0.05284775048494339,0.4799070656299591
27,0.012804413214325905,0.4249049127101898
28,0.05582095682621002,0.4919796288013458
29,-0.013776721432805061,0.4562312662601471
30,0.02356937900185585,0.43239548802375793
31,0.029991723597049713,0.453407347202301
32,0.006243981420993805,0.4443337023258209
33,0.004860971122980118,0.457015722990036
34,-0.03323131054639816,0.41046983003616333
35,0.02425900101661682,0.42010053992271423
36,0.014271712861955166,0.4626695215702057
37,0.0447143018245697,0.4612305462360382
38,0.07681035250425339,0.3937208354473114
39,0.013799264095723629,0.4374724328517914
40,0.009040161967277527,0.42457398772239685
41,0.07129906117916107,0.46764901280403137
42,0.0034064147621393204,0.48456817865371704
43,0.06690323352813721,0.4598943889141083
44,0.006246516481041908,0.4128509759902954
45,0.0571259930729866,0.41219595074653625
46,-0.01712687872350216,0.42022839188575745
47,0.02940930612385273,0.44182437658309937
48,0.04755248874425888,0.4236212968826294
49,0.04931096360087395,0.4478873312473297
50,0.0634404793381691,0.4012194275856018
51,0.033528223633766174,0.4501394033432007
52,-0.044798485934734344,0.4284857213497162
53,0.07202653586864471,0.42849645018577576
54,-0.008086921647191048,0.43863582611083984
55,-0.009323125705122948,0.41379907727241516
56,-0.028725603595376015,0.5005055665969849
57,0.028559178113937378,0.4434061646461487
58,0.03241496905684471,0.44684141874313354
59,0.052901268005371094,0.42733287811279297
60,0.020412180572748184,0.4418024718761444
61,-0.027345804497599602,0.397371381521225
62,-0.0024178121238946915,0.41528937220573425
63,0.019920170307159424,0.4264959990978241
64,0.03268851339817047,0.40540221333503723
65,-0.0009323395788669586,0.47573864459991455
66,-0.0044984836131334305,0.4159063994884491
67,-0.0025312304496765137,0.43565425276756287
68,0.059552811086177826,0.4481634497642517
69,0.03628077358007431,0.422838032245636
70,0.04872602969408035,0.41396984457969666
71,-0.009080490097403526,0.4826012849807739
72,0.027229493483901024,0.45244652032852173
73,-0.04147180914878845,0.4277791678905487
74,-0.006426280364394188,0.4568624794483185
75,-0.03971681743860245,0.45854562520980835
76,0.044797033071517944,0.3844350278377533
77,0.045227713882923126,0.46832728385925293
78,0.047590628266334534,0.43507328629493713
79,0.04325220361351967,0.4545170068740845
80,0.0038703829050064087,0.4509506821632385
81,0.09325853735208511,0.42673617601394653
82,0.04017646983265877,0.43254029750823975
83,0.021705031394958496,0.42240801453590393
84,0.06440027058124542,0.4408307373523712
85,-0.001694798469543457,0.4181336760520935
86,0.0675901472568512,0.4433645009994507
87,0.03968099504709244,0.4659551978111267
88,0.020433757454156876,0.4543413817882538
89,0.03713637962937355,0.47898468375205994
90,0.0859309509396553,0.4431263506412506
91,0.009143700823187828,0.41070446372032166
92,0.04555557668209076,0.49907439947128296
93,0.08254947513341904,0.4395175576210022
94,0.04792412370443344,0.4725421667098999
95,-0.004965001717209816,0.4486912190914154
96,-0.012478386983275414,0.4060429036617279
97,0.006077589467167854,0.43350663781166077
98,-0.004706637933850288,0.4224059581756592
99,0.05301372706890106,0.4545884430408478
100,0.06731785088777542,0.41728687286376953
101,0.017353955656290054,0.4269183576107025
102,0.023677732795476913,0.4627929627895355
103,0.04401630908250809,0.46686598658561707
104,0.09397683292627335,0.38581737875938416
105,-0.0006681475788354874,0.45800021290779114
106,0.04256013035774231,0.4445360600948334
107,0.04667746275663376,0.46493789553642273
108,0.015589263290166855,0.4266292452812195
109,0.049186818301677704,0.4281032085418701
110,0.043986279517412186,0.44092854857444763
111,-0.022841012105345726,0.44014307856559753
112,0.06413349509239197,0.5390006899833679
113,0.06328127533197403,0.4272814691066742
114,0.009967010468244553,0.4828379154205322
115,0.05140432342886925,0.4196608364582062
116,0.029789088293910027,0.41189315915107727
117,0.06976987421512604,0.4211580157279968
118,0.01240517944097519,0.4345816373825073
119,0.021118896082043648,0.4675370156764984
120,0.0239114910364151,0.4857652187347412
121,-0.004573555663228035,0.4373385012149811
122,0.05591994896531105,0.4545010030269623
123,0.041173603385686874,0.4261353313922882
124,0.04945662245154381,0.4487367570400238
125,-0.02305741049349308,0.4316452145576477
126,0.07659058272838593,0.4249134659767151
127,0.04766356945037842,0.42776933312416077
128,0.034799765795469284,0.5022716522216797
129,0.019382458180189133,0.4383525848388672
130,0.04528960958123207,0.47944676876068115
131,0.007998811081051826,0.4824940264225006
132,0.02174186334013939,0.4528823792934418
133,0.024113062769174576,0.4413653016090393
134,-0.011189119890332222,0.4434262812137604
135,0.051844630390405655,0.44124817848205566
136,-0.041701339185237885,0.46667975187301636
137,0.015509022399783134,0.4102989137172699
138,0.03904913365840912,0.46917930245399475
139,0.05077585205435753,0.4591931998729706
140,0.06394771486520767,0.4448169767856598
141,0.0015421081334352493,0.42233002185821533
142,0.06431933492422104,0.43493667244911194
143,-0.009328784421086311,0.4857562780380249
144,0.0977436825633049,0.49545496702194214
145,0.06594369560480118,0.46121931076049805
146,-0.011329060420393944,0.4200255870819092
147,0.01766870729625225,0.37669745087623596
148,0.04319743067026138,0.44635385274887085
149,-0.04363393038511276,0.46197080612182617
150,-0.03435205668210983,0.4563482403755188
151,-0.010234447196125984,0.4628555476665497
152,-0.007118945941329002,0.4624980688095093
153,0.029344690963625908,0.39532721042633057
154,-0.008468205109238625,0.4803299605846405
155,0.10086130350828171,0.4062577486038208
156,0.014105543494224548,0.4504530429840088
157,0.0032560881227254868,0.4135624170303345
158,0.09291849285364151,0.4171544313430786
159,-0.04683160036802292,0.4778677225112915
160,-0.025727884843945503,0.4309313893318176
161,-0.008337991312146187,0.4311722218990326
162,0.021136023104190826,0.46972551941871643
163,-0.018611719831824303,0.45212188363075256
164,0.10056619346141815,0.4683491885662079
165,0.0014198068529367447,0.46448904275894165
166,0.0382826067507267,0.4338575303554535
167,-0.022121211513876915,0.4253860116004944
168,0.015495872125029564,0.432742178440094
169,0.043879881501197815,0.4472402036190033
170,0.03281906247138977,0.4223954677581787
171,0.008979974314570427,0.4483189284801483
172,0.001345483586192131,0.4437234401702881
173,-0.004574427381157875,0.4646965265274048
174,0.014981970191001892,0.47944143414497375
175,0.012608218938112259,0.4662960171699524
176,0.09543728083372116,0.45792850852012634
177,0.0006933640688657761,0.4483053684234619
178,0.04122931882739067,0.435872882604599
179,0.028368158265948296,0.4481452405452728
180,0.04979667812585831,0.48069968819618225
181,0.00880655087530613,0.439789354801178
182,0.005445808172225952,0.42422837018966675
183,-0.030588479712605476,0.4327881336212158
184,0.021847005933523178,0.41781559586524963
185,0.0470341295003891,0.47228190302848816
186,0.03893513232469559,0.45859694480895996
187,0.024525567889213562,0.4456437826156616
188,0.05950700119137764,0.41363075375556946
189,0.02363794669508934,0.42327794432640076
190,0.040210820734500885,0.44809457659721375
191,0.065068319439888,0.4318738579750061
192,0.0644274577498436,0.44056904315948486
193,0.0043832771480083466,0.4550696909427643
194,0.0594499409198761,0.44676241278648376
195,0.09308910369873047,0.46418991684913635
196,0.05504648759961128,0.4179628789424896
197,0.0036642365157604218,0.4122397005558014
198,-0.03050352819263935,0.438545286655426
199,0.05040832608938217,0.4467584192752838
200,0.08860394358634949,0.4667939245700836
201,0.02694646455347538,0.428909569978714
202,0.033443305641412735,0.44718241691589355
203,0.11441264301538467,0.5104290843009949
204,0.11275813728570938,0.44392678141593933
205,0.02248377352952957,0.42532268166542053
206,0.08080204576253891,0.4145190715789795
207,0.023102331906557083,0.4324524402618408
208,0.0658719390630722,0.45591095089912415
209,0.0451432541012764,0.44068634510040283
210,-0.020560773089528084,0.481579065322876
211,-0.07856518030166626,0.4229108393192291
212,0.006426429376006126,0.45655620098114014
213,-0.0028241071850061417,0.43117305636405945
214,0.028772464022040367,0.43539994955062866
215,0.011077016592025757,0.44737645983695984
216,0.025131631642580032,0.4528355300426483
217,-0.004027741029858589,0.4005988836288452
218,0.014187236316502094,0.44387316703796387
219,0.044857341796159744,0.437156081199646
220,-0.04539032280445099,0.4576587975025177
221,0.06364859640598297,0.44179561734199524
222,-0.026205597445368767,0.459958016872406
223,0.028638239949941635,0.49664613604545593
224,0.030892547219991684,0.42871129512786865
225,0.02742030657827854,0.48082610964775085
226,0.005666989833116531,0.42535972595214844
227,0.001625344157218933,0.4185425341129303
228,-0.019698625430464745,0.45208871364593506
229,0.05245336890220642,0.41410550475120544
230,0.07142148166894913,0.46182286739349365
231,0.05788954347372055,0.45695316791534424
232,0.03251609578728676,0.4811517298221588
233,-0.01922229863703251,0.47997230291366577
234,0.05561567842960358,0.4700210690498352
235,0.0033349674195051193,0.4745725691318512
236,0.016295891255140305,0.4331720471382141
237,0.06754743307828903,0.46483489871025085
238,0.03687383234500885,0.4546545743942261
239,0.06027727574110031,0.436057984828949
240,0.0719255581498146,0.4200424551963806
241,0.049776703119277954,0.43470945954322815
242,0.08399602025747299,0.44919630885124207
243,0.03482154756784439,0.42260897159576416
244,0.04901120811700821,0.44596654176712036
245,0.019355408847332,0.422627329826355
246,0.012989446520805359,0.4692540466785431
247,0.024816051125526428,0.4331405460834503
248,0.05522536486387253,0.45141804218292236
249,0.02235807478427887,0.4491695463657379
250,0.004183277487754822,0.4025815427303314
251,0.03097565285861492,0.41918331384658813
252,0.046103328466415405,0.44595471024513245
253,0.0413430780172348,0.4392027258872986
254,0.026629960164427757,0.4734882116317749
255,0.021664194762706757,0.4448252320289612
256,0.014356322586536407,0.43053704500198364
257,-0.017895212396979332,0.43677064776420593
258,-0.001447964459657669,0.39594927430152893
259,0.07186555862426758,0.4397262930870056
260,0.01878078654408455,0.4694804847240448
261,-0.003289414569735527,0.4210053086280823
262,0.04963366687297821,0.45199018716812134
263,0.07840043306350708,0.4553779065608978
264,0.03508957847952843,0.409965842962265
265,-0.013502849265933037,0.49467840790748596
266,0.06918151676654816,0.4698059856891632
267,0.09604209661483765,0.43572866916656494
268,0.04157140478491783,0.46544724702835083
269,0.0011532735079526901,0.41210082173347473
270,0.05160567909479141,0.39277663826942444
271,0.04824234917759895,0.45492538809776306
272,0.054041970521211624,0.44284242391586304
273,-0.010548146441578865,0.46430036425590515
274,0.06612081080675125,0.5204221606254578
275,0.15465781092643738,0.42358317971229553
276,-0.021965784952044487,0.436359703540802
277,0.048451099544763565,0.47677356004714966
278,-0.05126994103193283,0.46824586391448975
279,0.06058156490325928,0.49355584383010864
280,0.0428423173725605,0.44163352251052856
281,0.06215955317020416,0.42690035700798035
282,0.03835054114460945,0.46952342987060547
283,0.0671205073595047,0.45692235231399536
284,0.02816453017294407,0.4152863919734955
285,0.038225144147872925,0.4574669897556305
286,0.02903900481760502,0.4170244634151459
287,0.10972889512777328,0.4574226438999176
288,0.030637670308351517,0.44008123874664307
289,0.003958923742175102,0.4534434676170349
290,0.013783762231469154,0.43179982900619507
291,0.047546155750751495,0.48288604617118835
292,0.0217882227152586,0.42654532194137573
293,0.029658118262887,0.45343875885009766
294,0.03835716471076012,0.43811121582984924
295,0.014610690996050835,0.4460342526435852
296,-0.041108548641204834,0.41616949439048767
297,-0.020730147138237953,0.42730283737182617
298,0.08096164464950562,0.45525649189949036
299,0.03892582282423973,0.46675217151641846
300,0.04164431244134903,0.4502996802330017
301,0.09647253900766373,0.46662452816963196
302,0.04664809629321098,0.45688316226005554
303,-0.021441733464598656,0.3927490711212158
304,-0.004239702597260475,0.43169358372688293
305,0.007033217698335648,0.4461287558078766
306,-0.0066177863627672195,0.4126316010951996
307,0.017915241420269012,0.424222469329834
308,0.06806468218564987,0.4682658612728119
309,0.0363474003970623,0.47731292247772217
310,0.10108509659767151,0.44465330243110657
311,0.022533580660820007,0.41674697399139404
312,-0.011117735877633095,0.41614973545074463
313,0.04408225417137146,0.4679914712905884
314,0.028469601646065712,0.44478505849838257
315,0.08525606989860535,0.3992425203323364
316,0.05404667556285858,0.4510149359703064
317,0.06200685352087021,0.4657035768032074
318,-0.009342832490801811,0.3926433026790619
319,0.03970019519329071,0.4867677688598633
320,0.0441792756319046,0.44932159781455994
321,0.0043121203780174255,0.4214473068714142
322,0.052066657692193985,0.4099063277244568
323,0.08238747715950012,0.4343734681606293
324,0.009386666119098663,0.4827444553375244
325,0.042150113731622696,0.4676051735877991
326,0.018479926511645317,0.3886009752750397
327,0.025673558935523033,0.48457813262939453
328,0.04376072436571121,0.465339720249176
329,0.03346158564090729,0.4491176903247833
330,0.03192275017499924,0.4465332627296448
331,0.06566629558801651,0.44493207335472107
332,-0.03566598892211914,0.4479672908782959
333,0.007252303883433342,0.503054141998291
334,-0.06551665812730789,0.42976129055023193
335,-0.007973400875926018,0.43039897084236145
336,0.047466941177845,0.4618123471736908
337,-0.012967115268111229,0.46374329924583435
338,0.08355513215065002,0.4573657810688019
339,0.053519800305366516,0.4808289706707001
340,0.025310736149549484,0.45200371742248535
341,-0.0036228355020284653,0.41069331765174866
342,0.09294544160366058,0.4841699004173279
343,-0.030070321634411812,0.5291735529899597
344,0.020280515775084496,0.4444924294948578
345,0.012068485841155052,0.48246338963508606
346,-0.027757728472352028,0.42787060141563416
347,0.018873758614063263,0.4542369842529297
348,0.005356840789318085,0.3827517330646515
349,-0.023067602887749672,0.3885143995285034
350,-0.0011454727500677109,0.45965540409088135
351,0.06363663822412491,0.48308250308036804
352,0.016956714913249016,0.4736308455467224
353,0.04451465606689453,0.4186291992664337
354,0.04483654350042343,0.46608102321624756
355,0.055687516927719116,0.4435533583164215
356,0.03723915293812752,0.5339474081993103
357,0.04676283523440361,0.4296741485595703
358,0.0166204534471035,0.43211159110069275
359,-0.05179072171449661,0.4586654603481293
360,0.03422219678759575,0.4462409019470215
361,0.01825462467968464,0.44416722655296326
362,2.7487054467201233e-05,0.478130578994751
363,0.040208980441093445,0.3933630883693695
364,0.030915213748812675,0.46415218710899353
365,0.02214927226305008,0.441003680229187
366,-0.051124751567840576,0.44686630368232727
367,0.02304290607571602,0.4721013307571411
368,0.012220431119203568,0.45609843730926514
369,-0.029833344742655754,0.44805479049682617
370,0.00950159877538681,0.45503610372543335
371,0.0011356882750988007,0.457398384809494
372,0.05784571170806885,0.4799390733242035
373,-0.06719910353422165,0.44958603382110596
374,0.03428424894809723,0.45828717947006226
375,0.013604698702692986,0.4486181437969208
376,0.038866329938173294,0.43999359011650085
377,0.008610673248767853,0.4628383219242096
378,0.06623922288417816,0.47133564949035645
379,-0.012315085157752037,0.44164329767227173
380,0.049039147794246674,0.46087533235549927
381,0.011406634002923965,0.44796231389045715
382,0.05648111179471016,0.45063525438308716
383,0.014045396819710732,0.46635282039642334
384,0.057008787989616394,0.43805643916130066
385,-0.009971002116799355,0.485929012298584
386,-0.0496392548084259,0.455780029296875
387,0.06701696664094925,0.41888824105262756
388,0.026603877544403076,0.44442760944366455
389,0.06824365258216858,0.42530933022499084
390,-0.025891480967402458,0.44916218519210815
391,0.06481023132801056,0.4224139451980591
392,0.009986737743020058,0.44192570447921753
393,0.07283613085746765,0.4239383041858673
394,-0.0005546845495700836,0.4304544925689697
395,0.026645909994840622,0.4857005178928375
396,-0.010116303339600563,0.4342057704925537
397,0.010968238115310669,0.39499688148498535
398,-0.003452429547905922,0.46826818585395813
399,0.008941002190113068,0.49707770347595215
400,0.004817130044102669,0.4536578953266144
401,0.051985256373882294,0.39367422461509705
402,0.032256558537483215,0.39455312490463257
403,0.02813030406832695,0.44710782170295715
404,0.06453056633472443,0.42109358310699463
405,-0.0029356982558965683,0.4412904679775238
406,-0.010590633377432823,0.4816146194934845
407,0.030768591910600662,0.44416651129722595
408,0.1061612069606781,0.4212924838066101
409,0.03157623112201691,0.43892818689346313
410,-0.0030272286385297775,0.48083367943763733
411,0.03332940861582756,0.4389735162258148
412,0.025790482759475708,0.4683897793292999
413,0.004841050133109093,0.47062936425209045
414,-0.009166674688458443,0.4458402991294861
415,0.04342399537563324,0.4589376151561737
416,0.04145297780632973,0.47816500067710876
417,0.012528158724308014,0.4026191234588623
418,-0.0022587887942790985,0.416259229183197
419,0.010276565328240395,0.48414111137390137
420,-0.002333378419280052,0.45250001549720764
421,0.03141224756836891,0.5047348737716675
422,0.02583141438663006,0.40999841690063477
423,-0.0110026765614748,0.48104336857795715
424,0.11342433094978333,0.45420658588409424
425,-0.057222262024879456,0.41537466645240784
426,-0.03241220861673355,0.4474736750125885
427,0.029572147876024246,0.44047507643699646
428,0.04062848538160324,0.4815574586391449
429,0.02348802424967289,0.4393910765647888
430,0.10671380907297134,0.43511074781417847
431,0.03779112547636032,0.45280537009239197
432,-0.0946466326713562,0.4374311566352844
433,0.033931538462638855,0.4405195415019989
434,0.004236547276377678,0.4498094916343689
435,0.02046717330813408,0.4622448980808258
436,0.044554829597473145,0.4773096442222595
437,-0.01978672854602337,0.4998064935207367
438,-0.014661671593785286,0.4680991470813751
439,-0.0010576527565717697,0.4413995146751404
440,0.03954143449664116,0.4372698664665222
441,0.01811397448182106,0.44603100419044495
442,-0.00373716838657856,0.45185044407844543
443,0.05135999619960785,0.4495934844017029
444,0.04539112001657486,0.4318128824234009
445,0.04673582315444946,0.408829003572464
446,0.08658188581466675,0.471699982881546
447,0.08309358358383179,0.41757556796073914
448,0.0877414122223854,0.456373006105423
449,0.11090461164712906,0.4003714919090271
450,0.032868944108486176,0.4523955285549164
451,-0.02296597696840763,0.4576171338558197
452,0.030859308317303658,0.4597972631454468
453,0.1163892075419426,0.4229030907154083
454,0.06382086873054504,0.4782428741455078
455,0.017733760178089142,0.44980520009994507
456,0.017453275620937347,0.4500470757484436
457,0.006394924595952034,0.45130455493927
458,-0.03251509368419647,0.4898437559604645
459,0.034923236817121506,0.4568611979484558
460,-0.0030586812645196915,0.45873141288757324
461,-0.026146551594138145,0.43223726749420166
462,-0.002201404422521591,0.4507557451725006
463,-0.0012556333094835281,0.4405485987663269
464,0.005939651280641556,0.4621056020259857
465,0.009438280016183853,0.45673930644989014
466,0.043211691081523895,0.43831562995910645
467,0.07792162150144577,0.42675647139549255
468,-0.0017134621739387512,0.4080297648906708
469,0.029220467433333397,0.43462130427360535
470,0.051401905715465546,0.41698452830314636
471,-0.016989341005682945,0.4573151469230652
472,0.01559469848871231,0.4412906765937805
473,0.06359389424324036,0.4829931855201721
474,0.015896188095211983,0.4265483021736145
475,0.017773043364286423,0.4611804187297821
476,0.08263910561800003,0.4020809233188629
477,0.013551760464906693,0.5013580918312073
478,-0.005576590076088905,0.43624812364578247
479,0.021716730669140816,0.4103744924068451
480,-0.03549696505069733,0.46971040964126587
481,0.024046029895544052,0.45787176489830017
482,0.004357263445854187,0.4470953643321991
483,0.016392212361097336,0.4967610836029053
484,0.0066034384071826935,0.4510304033756256
485,0.04460969567298889,0.45610103011131287
486,0.07620759308338165,0.43720313906669617
487,0.013767312280833721,0.4286078214645386
488,0.054071031510829926,0.40421581268310547
489,0.04712093621492386,0.42544296383857727
490,-8.940696716308594e-06,0.41622868180274963
491,-0.019193923100829124,0.43190672993659973
492,0.0562913715839386,0.4551784098148346
493,0.03642081469297409,0.45817795395851135
494,0.06357328593730927,0.4354158043861389
495,0.04841526597738266,0.43087607622146606
496,-0.013068301603198051,0.4637734591960907
497,0.062340036034584045,0.4611208736896515
498,0.025270722806453705,0.4369644224643707
499,0.0343443788588047,0.4992709755897522
500,-0.04605577886104584,0.4536520540714264
501,-0.03609505295753479,0.4773731529712677
502,0.10582128912210464,0.4811501204967499
503,0.029846252873539925,0.4613659381866455
504,0.03844960406422615,0.4562273919582367
505,-0.03484576195478439,0.46420586109161377
506,0.036308880895376205,0.4448421597480774
507,0.06974124908447266,0.4517514109611511
508,0.012974978424608707,0.43036752939224243
509,0.04789368435740471,0.4192950129508972
510,0.09972480684518814,0.44823193550109863
511,0.04891977086663246,0.432890921831131
512,0.03679210692644119,0.419463574886322
513,-0.011093990877270699,0.4557756185531616
514,-0.03540611267089844,0.42442554235458374
515,0.01558122131973505,0.4407176971435547
516,0.006833499297499657,0.44008758664131165
517,-0.0024583302438259125,0.46119368076324463
518,0.04527152702212334,0.4888853132724762
519,0.042290255427360535,0.464575856924057
520,0.0327821783721447,0.510717511177063
521,0.06837568432092667,0.4401831030845642
522,0.06494341790676117,0.39657020568847656
523,0.03178082033991814,0.48054027557373047
524,-0.00556585006415844,0.4616401493549347
525,-0.010664379224181175,0.4663783311843872
526,0.026250870898365974,0.48796069622039795
527,0.017602192237973213,0.43240979313850403
528,0.009968068450689316,0.4219796657562256
529,0.04503382742404938,0.4748646914958954
530,0.05012844502925873,0.44443559646606445
531,0.01047464832663536,0.4132295250892639
532,0.050788603723049164,0.42083442211151123
533,0.03413579612970352,0.4653339385986328
534,0.011622905731201172,0.39887115359306335
535,0.04774625226855278,0.4202740490436554
536,0.03841601312160492,0.4590982496738434
537,0.014815310016274452,0.42278674244880676
538,-0.00292208231985569,0.43392184376716614
539,-0.009297868236899376,0.45047876238822937
540,6.68354332447052e-05,0.4468388855457306
541,0.006756167858839035,0.4665088653564453
542,0.03448702394962311,0.43194380402565
543,0.033255353569984436,0.43971407413482666
544,0.03664064779877663,0.4809129238128662
545,0.05708923935890198,0.4290488660335541
546,-0.014456255361437798,0.444364458322525
547,0.04152516648173332,0.4294394254684448
548,-0.0017670877277851105,0.39448726177215576
549,0.0038405265659093857,0.4473159611225128
550,-0.0017655324190855026,0.4690999984741211
551,0.05007459595799446,0.442185640335083
552,0.06299246102571487,0.4093942642211914
553,0.0019882209599018097,0.4044041931629181
554,0.0069746822118759155,0.4618426263332367
555,-0.04338128864765167,0.4212251901626587
556,0.06151336431503296,0.4559337794780731
557,0.1222027838230133,0.4358595311641693
558,0.014082346111536026,0.4628188908100128
559,0.01334272138774395,0.47051355242729187
560,0.03836928308010101,0.42298969626426697
561,0.007041836157441139,0.4553646147251129
562,0.1182648092508316,0.49450668692588806
563,0.03162754327058792,0.4141712188720703
564,0.09950954467058182,0.5024412870407104
565,0.06470842659473419,0.39867404103279114
566,0.08602520078420639,0.4486241042613983
567,-0.03219234198331833,0.4722442328929901
568,0.019678995013237,0.46460914611816406
569,0.0045025888830423355,0.44693389534950256
570,0.0672554075717926,0.4673595428466797
571,-0.04590962082147598,0.45564183592796326
572,0.07747578620910645,0.4470866322517395
573,0.09586414694786072,0.42656034231185913
574,0.07417638599872589,0.485174298286438
575,0.012673469260334969,0.4220699965953827
576,-0.04528054594993591,0.462056964635849
577,0.09595389664173126,0.4500262141227722
578,0.007585173472762108,0.4795887768268585
579,0.07919350266456604,0.42612698674201965
580,0.07425439357757568,0.46065056324005127
581,0.001587051898241043,0.4698621928691864
582,0.03165725618600845,0.44591936469078064
583,-0.023936757817864418,0.42051389813423157
584,0.12217959016561508,0.45456573367118835
585,0.04100436717271805,0.46122947335243225
586,0.002552427351474762,0.419376015663147
587,0.014237922616302967,0.4450332224369049
588,-0.06877242028713226,0.4031818211078644
589,0.03958950936794281,0.47978514432907104
590,0.06349259614944458,0.42366793751716614
591,0.0232861265540123,0.4625830054283142
592,0.057776860892772675,0.4421461224555969
593,0.018566463142633438,0.4066365659236908
594,-0.011844133958220482,0.4134940207004547
595,0.04249787703156471,0.43284985423088074
596,-0.03884325921535492,0.4168052077293396
597,-0.012077944353222847,0.44439005851745605
598,0.025259757414460182,0.44443491101264954
599,-0.01755291409790516,0.42690879106521606
600,0.11969821155071259,0.4553215801715851
601,0.007306462153792381,0.43842315673828125
602,0.053242988884449005,0.4079969823360443
603,0.016620971262454987,0.4602607488632202
604,0.05790677294135094,0.4837261736392975
605,-0.012569809332489967,0.46290427446365356
606,0.06179624795913696,0.4396483302116394
607,0.053137533366680145,0.45310166478157043
608,0.008657027035951614,0.4357658624649048
609,-0.008128559216856956,0.4471946656703949
610,0.002249564975500107,0.43560174107551575
611,0.05643099546432495,0.4747316539287567
612,-0.005617665126919746,0.49241507053375244
613,-0.003699691966176033,0.4171159267425537
614,0.0027007441967725754,0.4450365900993347
615,0.01573280058801174,0.4482216238975525
616,0.021792251616716385,0.44483837485313416
617,-0.03156575560569763,0.4184456765651703
618,-0.0010149944573640823,0.4235503375530243
619,0.04449816048145294,0.4464091956615448
620,-0.04203739017248154,0.4531506896018982
621,-0.014008814468979836,0.4660769999027252
622,-0.006967248395085335,0.4223935306072235
623,0.06296272575855255,0.39503127336502075
624,0.046134233474731445,0.4101775884628296
625,0.011567477136850357,0.4457332193851471
626,0.05005474388599396,0.40601903200149536
627,0.028143106028437614,0.4388654828071594
628,-0.018479352816939354,0.43968549370765686
629,0.07689028978347778,0.4508588910102844
630,-0.03406638652086258,0.44849124550819397
631,0.041661862283945084,0.45317214727401733
632,0.04506693780422211,0.3875744044780731
633,-0.02569958008825779,0.40106678009033203
634,0.008528200909495354,0.4862355887889862
635,-0.0958414077758789,0.40060746669769287
636,0.05313005670905113,0.4939768612384796
637,0.048900306224823,0.4513428211212158
638,-0.007054401561617851,0.4354012608528137
639,-0.008085167035460472,0.4427904486656189
640,-0.044749170541763306,0.4852198362350464
641,0.08540039509534836,0.423298716545105
642,-0.0005435794591903687,0.45120862126350403
643,0.10176177322864532,0.45660772919654846
644,0.08074456453323364,0.457536518573761
645,0.059530578553676605,0.4297068119049072
646,-0.0032564233988523483,0.41700053215026855
647,0.07748616486787796,0.44652438163757324
648,0.04313739389181137,0.42076629400253296
649,0.06060083210468292,0.419634073972702
650,0.10252734273672104,0.4512762427330017
651,0.039345283061265945,0.4516149163246155
652,0.11656952649354935,0.44729289412498474
653,0.04605839401483536,0.44209742546081543
654,0.08286905288696289,0.43037763237953186
655,-0.02093401364982128,0.4077542722225189
656,0.04085764288902283,0.44544389843940735
657,0.06227649003267288,0.5144785642623901
658,0.04086305946111679,0.48034071922302246
659,0.031008906662464142,0.48215728998184204
660,-0.003842843696475029,0.47394686937332153
661,0.03720870614051819,0.45223256945610046
662,-0.035678066313266754,0.5094459652900696
663,0.051172055304050446,0.48674970865249634
664,0.04450535774230957,0.45326846837997437
665,0.10071013867855072,0.46382367610931396
666,0.020172715187072754,0.42943766713142395
667,0.022197594866156578,0.4650636911392212
668,0.05081981420516968,0.42584261298179626
669,0.040898121893405914,0.43478691577911377
670,0.07167002558708191,0.4189043641090393
671,0.048937730491161346,0.4659382402896881
672,0.03528757020831108,0.48079535365104675
673,0.012004429474473,0.423179030418396
674,-0.04002196341753006,0.4236763119697571
675,0.018504872918128967,0.4414525628089905
676,0.03636952489614487,0.4390535354614258
677,0.052318159490823746,0.4513247311115265
678,-0.015661435201764107,0.4053630232810974
679,0.020699121057987213,0.4524614214897156
680,0.019902575761079788,0.4288572371006012
681,-0.014395186677575111,0.4804729223251343
682,0.058904677629470825,0.48674365878105164
683,0.0783817395567894,0.4461871385574341
684,0.03692886233329773,0.37936538457870483
685,-0.0011920016258955002,0.47501832246780396
686,0.07362598180770874,0.39693641662597656
687,0.050406355410814285,0.396200031042099
688,-0.03539590537548065,0.47312799096107483
689,0.06220042705535889,0.4204152822494507
690,0.04402182623744011,0.41451752185821533
691,0.04596410319209099,0.4754731059074402
692,0.016416223719716072,0.45136481523513794
693,-0.03145013004541397,0.47706007957458496
694,0.034024421125650406,0.45853084325790405
695,0.0167018361389637,0.47883370518684387
696,0.01702885329723358,0.46763643622398376
697,0.013091281056404114,0.4174310863018036
698,-0.04604588449001312,0.4313826858997345
699,-0.005662662908434868,0.42436856031417847
700,0.05654582381248474,0.4520889222621918
701,0.04208125174045563,0.4666672348976135
702,-0.04065096378326416,0.4594714939594269
703,0.013318796642124653,0.43306776881217957
704,0.014763786457479,0.4300232231616974
705,0.07294226437807083,0.45282065868377686
706,0.07995089143514633,0.40174829959869385
707,-0.013295849785208702,0.4253254234790802
708,0.045524291694164276,0.5048280358314514
709,0.09920724481344223,0.46000009775161743
710,0.021313436329364777,0.48509934544563293
711,0.03813513368368149,0.46872156858444214
712,0.03367069363594055,0.45608633756637573
713,0.11521771550178528,0.4900488555431366
714,-0.026743372902274132,0.49088653922080994
715,0.034941285848617554,0.46752461791038513
716,0.02668061852455139,0.47871536016464233
717,-0.034524768590927124,0.4434106945991516
718,0.029440496116876602,0.435740202665329
719,0.03487785533070564,0.4592894911766052
720,0.009146744385361671,0.4571340084075928
721,0.03514081984758377,0.4401645362377167
722,0.008090859279036522,0.43609166145324707
723,0.003078075125813484,0.4561688005924225
724,0.016669586300849915,0.4647328555583954
725,0.01815759390592575,0.47935739159584045
726,0.027847468852996826,0.46457457542419434
727,0.008893238380551338,0.4340534508228302
728,-0.0239445511251688,0.390206903219223
729,-0.022772254422307014,0.4327622354030609
730,0.0038833431899547577,0.4771976172924042
731,0.03615494444966316,0.47020626068115234
732,0.0019559375941753387,0.40771156549453735
733,0.061860255897045135,0.44603100419044495
734,0.02358553744852543,0.4547111392021179
735,0.0005935337394475937,0.41344374418258667
736,0.07402285933494568,0.4360310137271881
737,-0.0215603094547987,0.46145954728126526
738,-0.025910193100571632,0.44965749979019165
739,-0.027511419728398323,0.4925247132778168
740,-0.016073504462838173,0.44251370429992676
741,0.03851425647735596,0.47990682721138
742,0.00747104175388813,0.4265410900115967
743,-0.006065027788281441,0.42124637961387634
744,0.04644167423248291,0.38568416237831116
745,0.03261573240160942,0.4406763017177582
746,0.03971309959888458,0.387632817029953
747,0.07971365749835968,0.44844603538513184
748,0.011084072291851044,0.4514765441417694
749,0.024153875187039375,0.4471134543418884
750,0.013867576606571674,0.4527798891067505
751,-0.0022961199283599854,0.42142075300216675
752,0.009875627234578133,0.44268980622291565
753,0.007992025464773178,0.43117648363113403
754,0.012895073741674423,0.45863664150238037
755,0.05718662217259407,0.4391341507434845
756,0.011372679844498634,0.4073421359062195
757,0.02206115983426571,0.43335166573524475
758,0.09943367540836334,0.4566287398338318
759,0.01525750569999218,0.46293672919273376
760,-0.01659567467868328,0.4456533193588257
761,0.017843499779701233,0.4853532314300537
762,0.09424583613872528,0.4561466574668884
763,-0.030184654518961906,0.4214336574077606
764,0.01874571666121483,0.44585633277893066
765,0.09681902825832367,0.45651209354400635
766,0.07183641940355301,0.428567111492157
767,0.04534314572811127,0.43896955251693726
768,0.0390884168446064,0.4370281994342804
769,-0.05486608296632767,0.4138014316558838
770,0.020286060869693756,0.4582134187221527
771,-0.01847792975604534,0.48580798506736755
772,0.03070908598601818,0.4799622893333435
773,0.008510380983352661,0.5230599045753479
774,0.03560139611363411,0.4298660457134247
775,-0.04021916538476944,0.4417884945869446
776,0.052250973880290985,0.4624473452568054
777,-0.00900064967572689,0.46453720331192017
778,-0.02158946730196476,0.4221084713935852
779,0.010226283222436905,0.4306676685810089
780,0.06573116034269333,0.4042646586894989
781,0.11592039465904236,0.470113068819046
782,-0.017545225098729134,0.452887624502182
783,0.012886011973023415,0.4427131712436676
784,0.08940614014863968,0.42824727296829224
785,0.00922783836722374,0.4854014217853546
786,-0.022510850802063942,0.40750348567962646
787,0.019598986953496933,0.40483468770980835
788,0.03560185059905052,0.45213645696640015
789,0.04342595115303993,0.43279996514320374
790,0.08689656108617783,0.4430278539657593
791,-0.03508686274290085,0.4643610715866089
792,0.022482698783278465,0.4454939067363739
793,-0.018530195578932762,0.4345502555370331
794,0.009614452719688416,0.4497149884700775
795,0.07130823284387589,0.41966885328292847
796,0.005653293803334236,0.4531923830509186
797,0.11085524410009384,0.5057607889175415
798,0.013965331949293613,0.4656265079975128
799,0.00916622206568718,0.4201051890850067
800,-0.011264568194746971,0.5311404466629028
801,-0.06487227976322174,0.48303645849227905
802,-0.04317872226238251,0.4381422698497772
803,0.10398571193218231,0.444703072309494
804,0.037155404686927795,0.40277376770973206
805,-0.0099900271743536,0.4115830659866333
806,0.05137721821665764,0.4076294004917145
807,0.06044909358024597,0.4406808316707611
808,-0.031540364027023315,0.44536668062210083
809,0.007460195571184158,0.43498682975769043
810,0.0023153014481067657,0.4453296959400177
811,0.07678999751806259,0.48756662011146545
812,0.03852555528283119,0.4529949426651001
813,0.0873728021979332,0.48927733302116394
814,0.05002346634864807,0.4153120815753937
815,0.0781405121088028,0.4313136637210846
816,0.04677733778953552,0.43908578157424927
817,0.03426201641559601,0.4292986989021301
818,0.07483718544244766,0.43819573521614075
819,0.0170200914144516,0.5111895799636841
820,0.01556133572012186,0.4610539972782135
821,0.02425585687160492,0.5006522536277771
822,0.005264041945338249,0.4695855379104614
823,0.006390025839209557,0.43327006697654724
824,0.0807427316904068,0.480435311794281
825,0.043297674506902695,0.4043712913990021
826,-0.0008935499936342239,0.43246084451675415
827,0.04199410602450371,0.4437800943851471
828,0.08824240416288376,0.4584202468395233
829,0.052179012447595596,0.47013700008392334
830,0.043063290417194366,0.4614934027194977
831,0.09317277371883392,0.47986289858818054
832,0.013391301967203617,0.4503490924835205
833,0.06268858909606934,0.42353522777557373
834,-0.019610555842518806,0.46140196919441223
835,0.05969132110476494,0.4668882191181183
836,0.027562124654650688,0.4161313474178314
837,0.0023673903197050095,0.44611063599586487
838,0.055772922933101654,0.4319855272769928
839,0.05282509699463844,0.4287838041782379
840,0.034408703446388245,0.41864457726478577
841,0.026327574625611305,0.43792399764060974
842,0.04560429975390434,0.4696807265281677
843,-0.0007589124143123627,0.42740491032600403
844,0.01934552565217018,0.4844178557395935
845,0.053423844277858734,0.4478031098842621
846,0.08010635524988174,0.4347495138645172
847,0.04545681178569794,0.4419403672218323
848,0.06645205616950989,0.4565751850605011
849,0.06960620731115341,0.4645259976387024
850,0.03504417836666107,0.4316369891166687
851,0.024897519499063492,0.4482972025871277
852,0.06316506862640381,0.4375988841056824
853,0.018015947192907333,0.4949621558189392
854,0.025449808686971664,0.43842047452926636
855,0.04839770495891571,0.41036438941955566
856,0.007200438529253006,0.43849071860313416
857,0.033012229949235916,0.4812207818031311
858,0.031961727887392044,0.4714658558368683
859,-0.023066727444529533,0.4111196994781494
860,0.046813368797302246,0.4454023241996765
861,-0.003167020156979561,0.44533571600914
862,0.0003175530582666397,0.42727455496788025
863,0.04269717261195183,0.42001140117645264
864,0.061706461012363434,0.4525768458843231
865,0.027745038270950317,0.442151814699173
866,-0.028713220730423927,0.45987170934677124
867,0.05906379967927933,0.43179869651794434
868,0.03203046694397926,0.44637298583984375
869,0.041703272610902786,0.4278733730316162
870,0.044215574860572815,0.47818809747695923
871,0.014404039829969406,0.45283976197242737
872,0.004736959934234619,0.5268526077270508
873,-0.02254524640738964,0.42804068326950073
874,0.08008307218551636,0.41291868686676025
875,0.06811849772930145,0.45399725437164307
876,0.07286497950553894,0.4220961928367615
877,0.04802747815847397,0.441125750541687
878,-0.008115449920296669,0.46563395857810974
879,-0.0062670353800058365,0.40448829531669617
880,0.030767502263188362,0.4117264151573181
881,-0.049418218433856964,0.4268994629383087
882,0.014417881146073341,0.42614588141441345
883,-0.0031797830015420914,0.4962681233882904
884,0.013977797701954842,0.4786517322063446
885,0.053546104580163956,0.3944740891456604
886,0.038332387804985046,0.477017879486084
887,0.04299699515104294,0.469896137714386
888,0.07593058049678802,0.4502789378166199
889,0.03014848195016384,0.45948201417922974
890,0.02085353620350361,0.4318956136703491
891,0.051699116826057434,0.45975419878959656
892,0.060789018869400024,0.4382564425468445
893,0.017719388008117676,0.48711052536964417
894,0.0967511385679245,0.43536242842674255
895,0.06539098173379898,0.42591139674186707
896,0.07463902235031128,0.4352115988731384
897,0.039745964109897614,0.4497469663619995
898,0.0686032772064209,0.43480393290519714
899,0.016204018145799637,0.4761410057544708
900,0.0482214093208313,0.44088342785835266
901,0.0546158105134964,0.4713493585586548
902,-0.008797774091362953,0.4696612060070038
903,0.040953923016786575,0.43264883756637573
904,0.07298839837312698,0.4589926302433014
905,0.08081243187189102,0.43581682443618774
906,0.09779532998800278,0.43798017501831055
907,-0.006115386262536049,0.43875032663345337
908,-0.004292203113436699,0.4183879494667053
909,0.029854286462068558,0.52799391746521
910,-0.014250891283154488,0.4602973759174347
911,0.021229788661003113,0.4480254352092743
912,-0.00613025389611721,0.4519396126270294
913,-0.0020773373544216156,0.453982412815094
914,-0.01329045183956623,0.4523307681083679
915,-0.029833612963557243,0.4314192235469818
916,0.03040379099547863,0.426914244890213
917,0.018926670774817467,0.4577333927154541
918,0.10855936259031296,0.5407693982124329
919,0.0038392972201108932,0.4592650532722473
920,-0.021073387935757637,0.4588310420513153
921,0.01475632842630148,0.40438660979270935
922,0.026698637753725052,0.42371824383735657
923,0.030939441174268723,0.46933162212371826
924,0.058309294283390045,0.47623732686042786
925,-0.013888893648982048,0.4503209590911865
926,0.038082003593444824,0.42544907331466675
927,0.01925521343946457,0.4165211617946625
928,0.01925358548760414,0.4492730498313904
929,0.05476672947406769,0.43227824568748474
930,0.015962693840265274,0.44030964374542236
931,0.01651226356625557,0.42557716369628906
932,-0.024206383153796196,0.47489243745803833
933,0.035301949828863144,0.47470250725746155
934,0.03393682464957237,0.46544963121414185
935,-0.02538803406059742,0.4591933488845825
936,0.03248827904462814,0.5020423531532288
937,-0.03648713231086731,0.4620521068572998
938,0.055513978004455566,0.4239574670791626
939,0.02929392084479332,0.4150106906890869
940,0.107536181807518,0.41789498925209045
941,-0.005192270502448082,0.46765783429145813
942,0.02973039075732231,0.40356072783470154
943,-0.04694359749555588,0.45649898052215576
944,0.053800567984580994,0.41935470700263977
945,-0.015125749632716179,0.46608856320381165
946,-0.06254076212644577,0.46621400117874146
947,0.038235973566770554,0.4342430531978607
948,0.04227493330836296,0.42573386430740356
949,0.024000510573387146,0.43273308873176575
950,-0.002862071618437767,0.4433659315109253
951,0.04430459812283516,0.48654940724372864
952,0.08123934268951416,0.46157538890838623
953,-0.027247970923781395,0.4346008896827698
954,0.013968377374112606,0.4148235321044922
955,0.0872679278254509,0.43217772245407104
956,0.00941712036728859,0.4607524871826172
957,0.0865023210644722,0.4920523464679718
958,0.007389076054096222,0.4775810241699219
959,0.022950511425733566,0.4533281922340393
960,0.02864067815244198,0.4700305461883545
961,0.01080341450870037,0.48495128750801086
962,-0.04281441122293472,0.43123531341552734
963,0.053387053310871124,0.49211809039115906
964,0.05937113240361214,0.4313068687915802
965,-0.006152370944619179,0.40779685974121094
966,0.039778102189302444,0.435528963804245
967,0.03304160013794899,0.4178994297981262
968,0.032344017177820206,0.3882368505001068
969,0.03257226198911667,0.44150814414024353
970,0.06792512536048889,0.4854629635810852
971,0.0339440256357193,0.4249155819416046
972,0.03534509986639023,0.45423072576522827
973,0.04806118458509445,0.4887763559818268
974,-0.02604462020099163,0.4496035575866699
975,0.07116995751857758,0.4946088194847107
976,0.009852221235632896,0.43601474165916443
977,0.03197750821709633,0.4392010271549225
978,0.06674722582101822,0.42168575525283813
979,0.02543402835726738,0.41225579380989075
980,-0.055687591433525085,0.46694669127464294
981,0.03290228545665741,0.4822882115840912
982,0.04546042159199715,0.4567886292934418
983,0.045399829745292664,0.4391196668148041
984,0.06631601601839066,0.5116799473762512
985,-0.022408047690987587,0.4298497438430786
986,-0.003700053319334984,0.45967063307762146
987,-0.013079440221190453,0.4459308981895447
988,0.025861050933599472,0.45479992032051086
989,0.08425088971853256,0.4723112881183624
990,0.07094477117061615,0.4304613769054413
991,0.09226781874895096,0.46966513991355896
992,-0.006435474380850792,0.42990079522132874
993,-0.003932582214474678,0.4570983350276947
994,0.004693236202001572,0.4286428391933441
995,0.08689979463815689,0.4314126670360565
996,-0.043787963688373566,0.44983771443367004
997,0.03911900892853737,0.45824432373046875
998,0.03357455134391785,0.43842583894729614
999,0.015579420141875744,0.4601340889930725
